Name,SKU,Price,Stock
Product 1,SKU1,100000,100
Product 2,SKU2,100000,100
Product 3,SKU3,100000,100
Product 4,SKU4,100000,100
Product 5,SKU5,100000,100
Product 6,SKU6,100000,100
Product 7,SKU7,100000,100
Product 8,SKU8,100000,100
Product 9,SKU9,100000,100
Product 10,SKU10,100000,100
Product 11,SKU11,100000,100
Product 12,SKU12,100000,100
Product 13,SKU13,100000,100
Product 14,SKU14,100000,100
Product 15,SKU15,100000,100
Product 16,SKU16,100000,100
Product 17,SKU17,100000,100
Product 18,SKU18,100000,100
Product 19,SKU19,100000,100
Product 20,SKU20,100000,100
Product 21,SKU21,100000,100
Product 22,SKU22,100000,100
Product 23,SKU23,100000,100
Product 24,SKU24,100000,100
Product 25,SKU25,100000,100
Product 26,SKU26,100000,100
Product 27,SKU27,100000,100
Product 28,SKU28,100000,100
Product 29,SKU29,100000,100
Product 30,SKU30,100000,100
Product 31,SKU31,100000,100
Product 32,SKU32,100000,100
Product 33,SKU33,100000,100
Product 34,SKU34,100000,100
Product 35,SKU35,100000,100
Product 36,SKU36,100000,100
Product 37,SKU37,100000,100
Product 38,SKU38,100000,100
Product 39,SKU39,100000,100
Product 40,SKU40,100000,100
Product 41,SKU41,100000,100
Product 42,SKU42,100000,100
Product 43,SKU43,100000,100
Product 44,SKU44,100000,100
Product 45,SKU45,100000,100
Product 46,SKU46,100000,100
Product 47,SKU47,100000,100
Product 48,SKU48,100000,100
Product 49,SKU49,100000,100
Product 50,SKU50,100000,100
Product 51,SKU51,100000,100
Product 52,SKU52,100000,100
Product 53,SKU53,100000,100
Product 54,SKU54,100000,100
Product 55,SKU55,100000,100
Product 56,SKU56,100000,100
Product 57,SKU57,100000,100
Product 58,SKU58,100000,100
Product 59,SKU59,100000,100
Product 60,SKU60,100000,100
Product 61,SKU61,100000,100
Product 62,SKU62,100000,100
Product 63,SKU63,100000,100
Product 64,SKU64,100000,100
Product 65,SKU65,100000,100
Product 66,SKU66,100000,100
Product 67,SKU67,100000,100
Product 68,SKU68,100000,100
Product 69,SKU69,100000,100
Product 70,SKU70,100000,100
Product 71,SKU71,100000,100
Product 72,SKU72,100000,100
Product 73,SKU73,100000,100
Product 74,SKU74,100000,100
Product 75,SKU75,100000,100
Product 76,SKU76,100000,100
Product 77,SKU77,100000,100
Product 78,SKU78,100000,100
Product 79,SKU79,100000,100
Product 80,SKU80,100000,100
Product 81,SKU81,100000,100
Product 82,SKU82,100000,100
Product 83,SKU83,100000,100
Product 84,SKU84,100000,100
Product 85,SKU85,100000,100
Product 86,SKU86,100000,100
Product 87,SKU87,100000,100
Product 88,SKU88,100000,100
Product 89,SKU89,100000,100
Product 90,SKU90,100000,100
Product 91,SKU91,100000,100
Product 92,SKU92,100000,100
Product 93,SKU93,100000,100
Product 94,SKU94,100000,100
Product 95,SKU95,100000,100
Product 96,SKU96,100000,100
Product 97,SKU97,100000,100
Product 98,SKU98,100000,100
Product 99,SKU99,100000,100
Product 100,SKU100,100000,100
